{
    "n_estimators": 225,
    "max_depth": 3,
    "learning_rate": 0.04931435091093947,
    "min_child_weight": 23,
    "subsample": 0.6285069678140562,
    "colsample_bytree": 0.7121642949205119,
    "gamma": 2.3551050339915225,
    "reg_alpha": 2.892941406464532,
    "reg_lambda": 6.370517681256431,
    "objective": "multi:softprob",
    "num_class": 7,
    "random_state": 42,
    "n_jobs": -1,
    "eval_metric": "mlogloss",
    "early_stopping_rounds": 50
}